period,pickup_borough,pickup_zone,trip_count,avg_tip_amount,avg_tip_rate,avg_fare_amount
Holiday Season,Manhattan,Upper West Side South,73336,3.47,0.275,13.93
Holiday Season,Manhattan,Greenwich Village North,35886,3.72,0.2719,15.11
Holiday Season,Manhattan,Upper East Side South,148483,3.34,0.2713,13.5
Holiday Season,Manhattan,Yorkville West,48844,3.2,0.2704,13.3
Holiday Season,Manhattan,Lincoln Square East,93234,3.58,0.2701,14.55
Holiday Season,Manhattan,Flatiron,39526,3.69,0.2687,15.57
Holiday Season,Manhattan,Upper East Side North,128615,3.28,0.2683,13.4
Holiday Season,Manhattan,Lenox Hill West,63199,3.23,0.2676,13.51
Holiday Season,Manhattan,Clinton East,60522,3.87,0.2654,16.53
Holiday Season,Manhattan,West Village,52185,3.68,0.2646,15.33
Holiday Season,Manhattan,Upper West Side North,49645,3.31,0.2643,13.95
Holiday Season,Manhattan,Sutton Place/Turtle Bay North,45060,3.72,0.2628,15.49
Holiday Season,Manhattan,Union Sq,72813,3.74,0.2628,15.65
Holiday Season,Manhattan,Midtown North,76059,4.23,0.2621,17.6
Holiday Season,Manhattan,Lincoln Square West,26367,3.27,0.2617,14.14
Holiday Season,Manhattan,Central Park,40135,3.79,0.2606,15.69
Holiday Season,Manhattan,Yorkville East,33872,3.44,0.2605,14.55
Holiday Season,Manhattan,Greenwich Village South,34884,3.69,0.2601,15.57
Holiday Season,Manhattan,Times Sq/Theatre District,78727,4.86,0.2592,20.96
Holiday Season,Manhattan,Hudson Sq,11336,3.93,0.2578,17.34
Holiday Season,Manhattan,Midtown East,99126,4.1,0.2578,17.26
Holiday Season,Manhattan,Gramercy,51614,3.63,0.2576,15.68
Holiday Season,Manhattan,Midtown Center,114441,4.27,0.2572,18.01
Holiday Season,Manhattan,Midtown South,55529,4.0,0.257,17.24
Holiday Season,Manhattan,East Village,52666,3.61,0.2561,15.45
Holiday Season,Manhattan,SoHo,19804,4.01,0.2559,17.21
Holiday Season,Manhattan,East Chelsea,68721,4.3,0.2553,18.6
Holiday Season,Manhattan,Murray Hill,70033,3.93,0.2541,17.12
Holiday Season,Manhattan,Meatpacking/West Village West,20125,4.05,0.2541,17.39
Holiday Season,Manhattan,Lenox Hill East,53189,3.48,0.2531,15.73
Holiday Season,Manhattan,UN/Turtle Bay South,26166,4.11,0.2515,18.21
Holiday Season,Manhattan,Manhattan Valley,18531,3.25,0.2513,14.48
Holiday Season,Manhattan,Clinton West,11397,3.42,0.2504,16.03
Holiday Season,Manhattan,Penn Station/Madison Sq West,100839,4.27,0.2502,18.49
Holiday Season,Manhattan,Little Italy/NoLiTa,25140,3.95,0.2489,17.43
Holiday Season,Unknown,N/A,4388,4.73,0.2473,21.18
Holiday Season,Manhattan,West Chelsea/Hudson Yards,42330,4.04,0.2472,17.8
Holiday Season,Manhattan,Garment District,37083,4.04,0.247,18.27
Holiday Season,Manhattan,TriBeCa/Civic Center,32489,4.12,0.2458,19.34
Holiday Season,Manhattan,Stuy Town/Peter Cooper Village,2511,3.6,0.2456,16.33
Holiday Season,Manhattan,Kips Bay,25788,3.33,0.2417,16.43
Holiday Season,Queens,LaGuardia Airport,94390,11.05,0.2414,47.1
Holiday Season,Manhattan,Lower East Side,22586,3.82,0.2408,17.58
Holiday Season,Manhattan,Bloomingdale,5806,3.53,0.239,16.45
Holiday Season,Manhattan,Battery Park City,13419,5.15,0.2388,23.6
Holiday Season,Manhattan,World Trade Center,11904,5.09,0.232,24.57
Holiday Season,Queens,East Elmhurst,7476,10.57,0.2292,47.41
Holiday Season,Manhattan,Morningside Heights,10348,3.45,0.2269,17.42
Holiday Season,Manhattan,Financial District North,12771,4.79,0.2241,23.94
Holiday Season,Manhattan,Financial District South,7572,4.82,0.2172,24.98
Holiday Season,Manhattan,Seaport,3991,4.35,0.2166,23.27
Holiday Season,Manhattan,Chinatown,3780,4.0,0.2109,22.78
Holiday Season,Manhattan,Alphabet City,3328,3.08,0.2038,18.8
Holiday Season,Manhattan,East Harlem South,14951,2.75,0.2025,17.82
Holiday Season,Queens,JFK Airport,111603,12.64,0.1896,67.37
Holiday Season,Brooklyn,DUMBO/Vinegar Hill,1073,4.41,0.1815,27.04
Holiday Season,Manhattan,Two Bridges/Seward Park,2856,2.88,0.1571,24.24
Holiday Season,Manhattan,Central Harlem,5803,2.17,0.147,20.66
Holiday Season,Queens,Sunnyside,1968,7.73,0.1463,50.7
Holiday Season,Queens,Long Island City/Hunters Point,1615,8.09,0.1459,53.33
Holiday Season,Manhattan,Manhattanville,1228,2.12,0.1407,21.95
Holiday Season,Brooklyn,Downtown Brooklyn/MetroTech,1411,3.41,0.1365,30.62
Holiday Season,Manhattan,East Harlem North,5156,1.99,0.1297,21.63
Holiday Season,Queens,Jackson Heights,1244,7.26,0.1221,50.19
Holiday Season,Brooklyn,Brooklyn Heights,1303,2.56,0.1211,28.04
Holiday Season,Queens,South Ozone Park,1686,9.21,0.1078,70.81
Holiday Season,Queens,Baisley Park,1012,7.85,0.0995,63.03
Holiday Season,Brooklyn,Boerum Hill,1282,1.77,0.0957,28.51
Holiday Season,Brooklyn,Fort Greene,1594,1.8,0.0949,26.9
Holiday Season,Manhattan,Hamilton Heights,1798,1.65,0.0948,25.12
Holiday Season,Brooklyn,Park Slope,1213,1.63,0.0828,27.76
Holiday Season,Manhattan,Washington Heights South,2067,1.83,0.0813,30.0
Holiday Season,Manhattan,Central Harlem North,3824,0.66,0.0401,27.76
Holiday Season,Queens,Jamaica,1142,2.4,0.0367,46.58
Holiday Season,Brooklyn,Clinton Hill,1017,0.5,0.0241,30.36
Holiday Season,Brooklyn,Bedford,1038,0.31,0.0169,29.9
Holiday Season,Brooklyn,Bushwick South,1005,0.39,0.0162,30.68
Holiday Season,Brooklyn,Crown Heights North,2450,0.15,0.007,31.2
Holiday Season,Brooklyn,Stuyvesant Heights,1416,0.14,0.007,30.62
Holiday Season,Brooklyn,Prospect-Lefferts Gardens,1734,0.12,0.006,30.76
Holiday Season,Brooklyn,Flatbush/Ditmas Park,1700,0.15,0.0047,33.18
Holiday Season,Brooklyn,Ocean Hill,1097,0.09,0.0027,34.39
Holiday Season,Brooklyn,Coney Island,1217,0.07,0.0017,43.05
Holiday Season,Bronx,East Concourse/Concourse Village,1040,0.02,0.0016,33.04
Holiday Season,Brooklyn,East Flatbush/Farragut,1061,0.06,0.0016,32.21
Holiday Season,Brooklyn,Flatlands,1325,0.04,0.0013,35.24
Holiday Season,Brooklyn,East New York,2956,0.06,0.0012,35.54
Holiday Season,Brooklyn,East Flatbush/Remsen Village,1256,0.02,7.0E-4,32.34
Holiday Season,Brooklyn,Brownsville,1651,0.02,7.0E-4,34.89
Holiday Season,Brooklyn,Canarsie,1781,0.01,6.0E-4,37.22
Normal Baseline,Manhattan,Flatiron,44907,3.39,0.2726,13.81
Normal Baseline,Manhattan,Upper East Side South,132450,3.2,0.2726,12.75
Normal Baseline,Manhattan,Upper West Side South,74472,3.41,0.272,13.71
Normal Baseline,Manhattan,Greenwich Village North,40618,3.48,0.2711,13.97
Normal Baseline,Manhattan,Clinton East,68424,3.61,0.2708,14.88
Normal Baseline,Manhattan,Lincoln Square East,86644,3.48,0.2708,13.98
Normal Baseline,Manhattan,Union Sq,80861,3.44,0.2679,13.91
Normal Baseline,Manhattan,Midtown North,80061,3.95,0.2679,16.08
Normal Baseline,Manhattan,Lenox Hill West,63142,3.09,0.2677,12.72
Normal Baseline,Manhattan,Sutton Place/Turtle Bay North,47018,3.44,0.2675,14.02
Normal Baseline,Manhattan,Yorkville West,49559,3.15,0.2663,13.12
Normal Baseline,Manhattan,Times Sq/Theatre District,95486,4.44,0.2662,18.54
Normal Baseline,Manhattan,Midtown East,99744,3.78,0.2661,15.44
Normal Baseline,Manhattan,Upper East Side North,116451,3.22,0.2656,13.19
Normal Baseline,Manhattan,Midtown Center,136304,3.93,0.265,15.96
Normal Baseline,Manhattan,Midtown South,61343,3.71,0.2639,15.48
Normal Baseline,Manhattan,Lincoln Square West,27989,3.19,0.2638,13.35
Normal Baseline,Manhattan,Murray Hill,77883,3.61,0.2637,14.96
Normal Baseline,Manhattan,Upper West Side North,48611,3.3,0.2633,13.77
Normal Baseline,Manhattan,Gramercy,54320,3.38,0.2622,14.07
Normal Baseline,Manhattan,East Chelsea,74604,3.88,0.2618,16.19
Normal Baseline,Manhattan,West Village,65656,3.42,0.2613,14.2
Normal Baseline,Manhattan,Central Park,39315,3.62,0.2611,14.92
Normal Baseline,Manhattan,Hudson Sq,14084,3.69,0.2594,15.76
Normal Baseline,Manhattan,Garment District,40582,3.66,0.2585,15.71
Normal Baseline,Manhattan,Clinton West,13506,3.32,0.2584,14.48
Normal Baseline,Manhattan,UN/Turtle Bay South,29507,3.85,0.2578,16.46
Normal Baseline,Manhattan,West Chelsea/Hudson Yards,49150,3.75,0.2577,15.7
Normal Baseline,Manhattan,Yorkville East,33603,3.33,0.2576,14.11
Normal Baseline,Manhattan,Penn Station/Madison Sq West,101739,3.79,0.2569,15.93
Normal Baseline,Manhattan,Greenwich Village South,43733,3.41,0.2566,14.37
Normal Baseline,Manhattan,Lenox Hill East,53308,3.45,0.255,14.98
Normal Baseline,Manhattan,SoHo,22546,3.65,0.2541,15.64
Normal Baseline,Manhattan,Kips Bay,27005,3.2,0.2538,14.15
Normal Baseline,Manhattan,East Village,65955,3.35,0.2536,14.27
Normal Baseline,Manhattan,Meatpacking/West Village West,25729,3.75,0.2528,16.02
Normal Baseline,Manhattan,TriBeCa/Civic Center,36245,3.99,0.2513,17.82
Normal Baseline,Manhattan,Little Italy/NoLiTa,28608,3.55,0.2499,15.48
Normal Baseline,Unknown,N/A,5814,4.79,0.2488,21.34
Normal Baseline,Manhattan,Stuy Town/Peter Cooper Village,2492,3.4,0.2484,14.97
Normal Baseline,Manhattan,Manhattan Valley,19311,3.3,0.2478,14.43
Normal Baseline,Queens,LaGuardia Airport,92982,10.42,0.246,43.38
Normal Baseline,Manhattan,Bloomingdale,5892,3.49,0.2406,15.49
Normal Baseline,Manhattan,Lower East Side,29571,3.62,0.24,16.45
Normal Baseline,Manhattan,Battery Park City,16298,5.08,0.2399,22.75
Normal Baseline,Queens,East Elmhurst,9430,10.06,0.2386,43.2
Normal Baseline,Manhattan,World Trade Center,12877,4.92,0.2385,22.45
Normal Baseline,Manhattan,Morningside Heights,11361,3.66,0.2336,16.97
Normal Baseline,Manhattan,Chinatown,3612,4.09,0.2315,20.23
Normal Baseline,Manhattan,Financial District North,13661,4.68,0.2314,22.09
Normal Baseline,Manhattan,Alphabet City,4004,3.31,0.2313,15.8
Normal Baseline,Manhattan,Seaport,4276,4.41,0.2303,21.32
Normal Baseline,Manhattan,Financial District South,7101,4.96,0.2235,24.2
Normal Baseline,Manhattan,East Harlem South,12699,3.01,0.221,15.83
Normal Baseline,Manhattan,Two Bridges/Seward Park,2515,3.54,0.2081,20.1
Normal Baseline,Queens,JFK Airport,110729,12.73,0.1911,67.05
Normal Baseline,Manhattan,Central Harlem,4768,2.65,0.1882,16.55
Normal Baseline,Brooklyn,Downtown Brooklyn/MetroTech,1199,4.29,0.1837,26.51
Normal Baseline,Manhattan,Manhattanville,1119,3.03,0.1767,19.32
Normal Baseline,Queens,Long Island City/Hunters Point,1030,7.59,0.1761,45.41
Normal Baseline,Manhattan,East Harlem North,3782,2.57,0.1733,17.5
Normal Baseline,Queens,Sunnyside,1489,7.21,0.1672,44.9
Normal Baseline,Manhattan,Hamilton Heights,1182,2.81,0.1556,21.45
Normal Baseline,Brooklyn,Fort Greene,1111,3.02,0.1514,23.94
Normal Baseline,Manhattan,Washington Heights South,1233,2.97,0.1275,27.83
Normal Baseline,Manhattan,Central Harlem North,1834,1.31,0.0823,24.17
Normal Baseline,Brooklyn,Crown Heights North,1236,0.24,0.0133,26.83
Normal Baseline,Brooklyn,East New York,1254,0.1,0.0022,35.44
